{
  "job_id": "92cbf4265912",
  "timestamp": "2025-11-18T15:04:57.722755",
  "run_spec": {
    "topic": "Python Classes",
    "template_name": "default_blog",
    "kb_path": null,
    "docs_path": null,
    "blog_path": null,
    "api_path": null,
    "tutorial_path": null,
    "auto_topic": false,
    "batch_topics": null,
    "output_dir": "output"
  },
  "template_name": "default_blog",
  "pipeline_order": [
    "api_search_node",
    "blog_search_node",
    "check_duplication_node",
    "code_extraction_node",
    "code_generation_node",
    "code_splitting_node",
    "code_validation_node",
    "conclusion_writer_node",
    "content_assembly_node",
    "content_reviewer_node",
    "create_outline_node",
    "docs_search_node",
    "frontmatter_node",
    "gist_readme_node",
    "gist_upload_node",
    "identify_topics_node",
    "ingest_api_node",
    "ingest_blog_node",
    "ingest_docs_node",
    "ingest_kb_node",
    "ingest_tutorial_node",
    "introduction_writer_node",
    "kb_search_node",
    "keyword_extraction_node",
    "keyword_injection_node",
    "license_injection_node",
    "link_validation_node",
    "model_selection_node",
    "section_writer_node",
    "seo_metadata_node",
    "supplementary_content_node",
    "topic_prep_node",
    "tutorial_search_node",
    "write_file_node"
  ],
  "sources_used": [],
  "config_snapshot": {
    "hash": "f4f0a248",
    "timestamp": "2025-11-18T15:04:57.699287",
    "engine_version": "1.0.0"
  },
  "status": "running",
  "duration": 0.0
}