{
  "queue": [],
  "done": [
    "config/__init__.py",
    "config/schemas.py",
    "config/validator.py",
    "src/agents/__init__.py",
    "src/agents/agents_complete.py",
    "src/agents/base.py",
    "src/agents/code/__init__.py",
    "src/agents/content/__init__.py",
    "src/agents/ingestion/__init__.py",
    "src/agents/publishing/__init__.py",
    "src/agents/research/__init__.py",
    "src/agents/research/competitor_analysis.py",
    "src/agents/research/content_intelligence.py",
    "src/agents/research/trends_research.py",
    "src/agents/seo/__init__.py",
    "src/agents/support/__init__.py",
    "src/agents/support/quality_gate.py",
    "src/agents/support/validation.py",
    "src/core/__init__.py",
    "src/core/agent_base.py",
    "src/core/config.py",
    "src/core/config_validator.py",
    "src/core/contracts.py",
    "src/core/event_bus.py",
    "src/core/ollama.py",
    "src/core/template_registry.py",
    "src/engine/__init__.py",
    "src/engine/completeness_gate.py",
    "src/engine/context_merger.py",
    "src/engine/device/__init__.py",
    "src/engine/engine.py",
    "src/engine/exceptions.py",
    "src/engine/output_path_resolver.py",
    "src/engine/slug_service.py",
    "src/engine/unified_engine.py",
    "src/initialization/__init__.py",
    "src/mcp/__init__.py",
    "src/mcp/adapter.py",
    "src/mcp/config_aware_executor.py",
    "src/mcp/handlers.py",
    "src/mcp/web_adapter.py",
    "src/mesh/__init__.py",
    "src/mesh/cache/__init__.py",
    "src/orchestration/agent_scanner.py",
    "src/orchestration/checkpoint_manager.py",
    "src/orchestration/enhanced_registry.py",
    "src/orchestration/execution_plan.py",
    "src/orchestration/job_execution_engine_enhanced.py",
    "src/orchestration/job_state.py",
    "src/orchestration/job_storage.py",
    "src/orchestration/langgraph_executor.py",
    "src/orchestration/langgraph_state.py",
    "src/orchestration/workflow_compiler.py",
    "src/orchestration/workflow_state.py",
    "src/realtime/__init__.py",
    "src/services/__init__.py",
    "src/services/mcp_service.py",
    "src/services/model_router.py",
    "src/services/services.py",
    "src/services/vectorstore.py",
    "src/utils/__init__.py",
    "src/utils/dedup_utils.py",
    "src/utils/json_repair.py",
    "src/utils/learning.py",
    "src/utils/model_helper.py",
    "src/utils/path_utils.py",
    "src/utils/tone_utils.py",
    "src/utils/validators.py",
    "src/visualization/__init__.py",
    "src/web/__init__.py",
    "src/web/app.py",
    "src/web/app_unified.py",
    "src/web/dependencies.py",
    "src/web/models.py",
    "src/web/routes/__init__.py",
    "src/web/routes/agents.py",
    "src/web/routes/jobs.py",
    "src/web/routes/mcp.py",
    "src/web/routes/workflows.py",
    "tests/__init__.py",
    "tests/fixtures/__init__.py",
    "tests/fixtures/conftest.py",
    "tests/fixtures/mock_responses.py",
    "tests/integration/__init__.py",
    "tests/integration/test_cli.py",
    "tests/integration/test_fastapi.py",
    "tests/integration/test_ops_console.py",
    "tests/integration/test_unified_executor.py",
    "tests/performance/__init__.py",
    "tests/test_artifact_write_failure.py",
    "tests/test_config_behavior.py",
    "tests/test_config_validation.py",
    "tests/test_core_logic.py",
    "tests/test_engine_parity.py",
    "tests/test_installation.py",
    "tests/test_json_repair.py",
    "tests/test_mcp_integration.py",
    "tests/test_requirements.py",
    "tests/test_router_integration.py",
    "tests/test_services.py",
    "tests/test_services_comprehensive.py",
    "tests/test_slug_generation.py",
    "tests/test_template_golden.py",
    "tests/test_template_registry.py",
    "tests/test_tone_perf_usage.py",
    "tests/test_ui_contracts.py",
    "tests/test_unified_engine.py",
    "tests/test_validation_edge_cases.py",
    "tests/test_visualization.py",
    "tests/test_visualization_integration.py",
    "tests/unit/__init__.py",
    "tests/unit/test_aggregator.py",
    "tests/unit/test_completeness_gate.py",
    "tests/unit/test_config.py",
    "tests/unit/test_engine.py",
    "tests/unit/test_engine_and_orchestrator.py",
    "tests/unit/test_gpu_manager.py",
    "tests/unit/test_output_path_resolver.py",
    "tests/unit/test_slug_service.py",
    "tests/unit/test_uploaded_files.py",
    "tests/web/__init__.py",
    "tests/web/test_api.py",
    "tests/web/test_ui_contracts.py",
    "tests/web/test_websockets.py",
    "examples/websocket_client.py",
    "src/main.py",
    "start_api.py",
    "test_fixes.py",
    "test_import.py",
    "test_startup.py",
    "tests/e2e/test_full_job_happy_path.py",
    "tools/api_catalog.py",
    "tools/ast_scan.py",
    "tools/comment_updater.py",
    "tools/config_concurrency_detect.py",
    "tools/docstring_writer.py",
    "tools/exception_io_detect.py",
    "tools/progress_tracker.py",
    "tools/util_fs.py",
    "tools/validate_imports.py",
    "tools/validate_system_old.py",
    "ucop_cli.py",
    "validate.py",
    "verify_fix.py",
    "verify_services.py"
  ],
  "skipped": [],
  "status": {
    "config/__init__.py": "updated",
    "config/schemas.py": "updated",
    "config/validator.py": "updated",
    "src/agents/__init__.py": "updated",
    "src/agents/agents_complete.py": "updated",
    "src/agents/base.py": "updated",
    "src/agents/code/__init__.py": "updated",
    "src/agents/code/api_validator.py": "error",
    "src/agents/code/code_extraction.py": "error",
    "src/agents/code/code_generation.py": "error",
    "src/agents/code/code_splitting.py": "error",
    "src/agents/code/code_validation.py": "error",
    "src/agents/code/license_injection.py": "error",
    "src/agents/content/__init__.py": "updated",
    "src/agents/content/conclusion_writer.py": "error",
    "src/agents/content/content_assembly.py": "error",
    "src/agents/content/introduction_writer.py": "error",
    "src/agents/content/outline_creation.py": "error",
    "src/agents/content/section_writer.py": "error",
    "src/agents/content/supplementary_content.py": "error",
    "src/agents/ingestion/__init__.py": "updated",
    "src/agents/ingestion/api_ingestion.py": "error",
    "src/agents/ingestion/blog_ingestion.py": "error",
    "src/agents/ingestion/docs_ingestion.py": "error",
    "src/agents/ingestion/kb_ingestion.py": "error",
    "src/agents/ingestion/tutorial_ingestion.py": "error",
    "src/agents/publishing/__init__.py": "updated",
    "src/agents/publishing/file_writer.py": "error",
    "src/agents/publishing/frontmatter_enhanced.py": "error",
    "src/agents/publishing/gist_readme.py": "error",
    "src/agents/publishing/gist_upload.py": "error",
    "src/agents/publishing/link_validation.py": "error",
    "src/agents/research/__init__.py": "updated",
    "src/agents/research/api_search.py": "error",
    "src/agents/research/blog_search.py": "error",
    "src/agents/research/competitor_analysis.py": "updated",
    "src/agents/research/content_intelligence.py": "updated",
    "src/agents/research/docs_search.py": "error",
    "src/agents/research/duplication_check.py": "error",
    "src/agents/research/kb_search.py": "error",
    "src/agents/research/topic_identification.py": "error",
    "src/agents/research/trends_research.py": "updated",
    "src/agents/research/tutorial_search.py": "error",
    "src/agents/seo/__init__.py": "updated",
    "src/agents/seo/keyword_extraction.py": "error",
    "src/agents/seo/keyword_injection.py": "error",
    "src/agents/seo/seo_metadata.py": "error",
    "src/agents/support/__init__.py": "updated",
    "src/agents/support/error_recovery.py": "error",
    "src/agents/support/model_selection.py": "error",
    "src/agents/support/quality_gate.py": "updated",
    "src/agents/support/validation.py": "updated",
    "src/core/__init__.py": "updated",
    "src/core/agent_base.py": "updated",
    "src/core/config.py": "updated",
    "src/core/config_validator.py": "updated",
    "src/core/contracts.py": "updated",
    "src/core/enhanced_config.py": "error",
    "src/core/event_bus.py": "updated",
    "src/core/mock_llm.py": "error",
    "src/core/multi_template_manager.py": "error",
    "src/core/ollama.py": "updated",
    "src/core/template_registry.py": "updated",
    "src/engine/__init__.py": "updated",
    "src/engine/agent_tracker.py": "error",
    "src/engine/aggregator.py": "error",
    "src/engine/completeness_gate.py": "updated",
    "src/engine/context_merger.py": "updated",
    "src/engine/device/__init__.py": "updated",
    "src/engine/device/gpu_manager.py": "error",
    "src/engine/engine.py": "updated",
    "src/engine/exceptions.py": "updated",
    "src/engine/executor.py": "error",
    "src/engine/input_resolver.py": "error",
    "src/engine/output_path_resolver.py": "updated",
    "src/engine/slug_service.py": "updated",
    "src/engine/unified_engine.py": "updated",
    "src/initialization/__init__.py": "updated",
    "src/initialization/integrated_init.py": "error",
    "src/mcp/__init__.py": "updated",
    "src/mcp/adapter.py": "updated",
    "src/mcp/config_aware_executor.py": "updated",
    "src/mcp/contracts.py": "error",
    "src/mcp/handlers.py": "updated",
    "src/mcp/protocol.py": "error",
    "src/mcp/web_adapter.py": "updated",
    "src/mesh/__init__.py": "updated",
    "src/mesh/batch_aggregators.py": "error",
    "src/mesh/cache/__init__.py": "updated",
    "src/mesh/cache/cache.py": "error",
    "src/mesh/capability_registry.py": "error",
    "src/mesh/mesh_observer.py": "error",
    "src/mesh/negotiation.py": "error",
    "src/mesh/runtime_async.py": "error",
    "src/mesh/state_store.py": "error",
    "src/orchestration/__init__.py": "error",
    "src/orchestration/agent_scanner.py": "updated",
    "src/orchestration/auto_discover_agents.py": "error",
    "src/orchestration/checkpoint_manager.py": "updated",
    "src/orchestration/dependency_resolver.py": "error",
    "src/orchestration/enhanced_registry.py": "updated",
    "src/orchestration/execution_plan.py": "updated",
    "src/orchestration/fallback_engine.py": "error",
    "src/orchestration/generate_agent_yaml.py": "error",
    "src/orchestration/hot_reload.py": "error",
    "src/orchestration/job_execution_engine.py": "error",
    "src/orchestration/job_execution_engine_enhanced.py": "updated",
    "src/orchestration/job_state.py": "updated",
    "src/orchestration/job_storage.py": "updated",
    "src/orchestration/langgraph_executor.py": "updated",
    "src/orchestration/langgraph_state.py": "updated",
    "src/orchestration/monitor.py": "error",
    "src/orchestration/ops_console.py": "error",
    "src/orchestration/parallel_executor.py": "error",
    "src/orchestration/production_execution_engine.py": "error",
    "src/orchestration/workflow_compiler.py": "updated",
    "src/orchestration/workflow_state.py": "updated",
    "src/realtime/__init__.py": "updated",
    "src/realtime/job_control.py": "error",
    "src/realtime/websocket.py": "error",
    "src/services/__init__.py": "updated",
    "src/services/mcp_service.py": "updated",
    "src/services/model_router.py": "updated",
    "src/services/services.py": "updated",
    "src/services/vectorstore.py": "updated",
    "src/utils/__init__.py": "updated",
    "src/utils/citation_tracker.py": "error",
    "src/utils/content_utils.py": "error",
    "src/utils/dedup_utils.py": "updated",
    "src/utils/duplication_detector.py": "error",
    "src/utils/json_repair.py": "updated",
    "src/utils/learning.py": "updated",
    "src/utils/mock_guard.py": "error",
    "src/utils/model_helper.py": "updated",
    "src/utils/ollama_detector.py": "error",
    "src/utils/path_utils.py": "updated",
    "src/utils/resilience.py": "error",
    "src/utils/retry.py": "error",
    "src/utils/simple_monitor.py": "error",
    "src/utils/tone_utils.py": "updated",
    "src/utils/validators.py": "updated",
    "src/utils/workflow_utils.py": "error",
    "src/visualization/__init__.py": "updated",
    "src/visualization/agent_flow_monitor.py": "error",
    "src/visualization/monitor.py": "error",
    "src/visualization/visual_api.py": "error",
    "src/visualization/workflow_debugger.py": "error",
    "src/visualization/workflow_visualizer.py": "error",
    "src/web/__init__.py": "updated",
    "src/web/app.py": "updated",
    "src/web/app_integrated.py": "error",
    "src/web/app_unified.py": "updated",
    "src/web/connection_manager.py": "error",
    "src/web/dependencies.py": "updated",
    "src/web/models.py": "updated",
    "src/web/routes/__init__.py": "updated",
    "src/web/routes/agents.py": "updated",
    "src/web/routes/jobs.py": "updated",
    "src/web/routes/mcp.py": "updated",
    "src/web/routes/workflows.py": "updated",
    "src/web/websocket_handlers.py": "error",
    "tests/__init__.py": "updated",
    "tests/fixtures/__init__.py": "updated",
    "tests/fixtures/conftest.py": "updated",
    "tests/fixtures/fakes.py": "error",
    "tests/fixtures/mock_chromadb.py": "error",
    "tests/fixtures/mock_responses.py": "updated",
    "tests/integration/__init__.py": "updated",
    "tests/integration/test_cli.py": "updated",
    "tests/integration/test_cli_and_api.py": "error",
    "tests/integration/test_fastapi.py": "updated",
    "tests/integration/test_ops_console.py": "updated",
    "tests/integration/test_production_engine.py": "error",
    "tests/integration/test_unified_executor.py": "updated",
    "tests/integration/test_workflow_engine.py": "error",
    "tests/performance/__init__.py": "updated",
    "tests/performance/_perf_utils.py": "error",
    "tests/performance/conftest.py": "error",
    "tests/performance/test_parallel_speedup.py": "error",
    "tests/performance/test_perf_cli.py": "error",
    "tests/performance/test_perf_core_ollama.py": "error",
    "tests/performance/test_perf_engine.py": "error",
    "tests/performance/test_perf_web.py": "error",
    "tests/test_agent_contracts.py": "error",
    "tests/test_artifact_persistence.py": "error",
    "tests/test_artifact_write_failure.py": "updated",
    "tests/test_config_behavior.py": "updated",
    "tests/test_config_integration.py": "error",
    "tests/test_config_validation.py": "updated",
    "tests/test_core_logic.py": "updated",
    "tests/test_database_service.py": "error",
    "tests/test_engine_parity.py": "updated",
    "tests/test_fixes.py": "error",
    "tests/test_imports_smoke.py": "error",
    "tests/test_installation.py": "updated",
    "tests/test_integration.py": "error",
    "tests/test_json_repair.py": "updated",
    "tests/test_mcp_integration.py": "updated",
    "tests/test_parity.py": "error",
    "tests/test_production_execution.py": "error",
    "tests/test_requirements.py": "updated",
    "tests/test_router_integration.py": "updated",
    "tests/test_services.py": "updated",
    "tests/test_services_comprehensive.py": "updated",
    "tests/test_slug_generation.py": "updated",
    "tests/test_system_integration.py": "error",
    "tests/test_template_golden.py": "updated",
    "tests/test_template_registry.py": "updated",
    "tests/test_tone_perf_usage.py": "updated",
    "tests/test_ui_contracts.py": "updated",
    "tests/test_unified_engine.py": "updated",
    "tests/test_validation_edge_cases.py": "updated",
    "tests/test_visualization.py": "updated",
    "tests/test_visualization_integration.py": "updated",
    "tests/unit/__init__.py": "updated",
    "tests/unit/test_agents.py": "error",
    "tests/unit/test_agents_contracts.py": "error",
    "tests/unit/test_aggregator.py": "updated",
    "tests/unit/test_completeness_gate.py": "updated",
    "tests/unit/test_config.py": "updated",
    "tests/unit/test_core_and_utils.py": "error",
    "tests/unit/test_engine.py": "updated",
    "tests/unit/test_engine_and_orchestrator.py": "updated",
    "tests/unit/test_event_bus.py": "error",
    "tests/unit/test_gpu_manager.py": "updated",
    "tests/unit/test_mesh.py": "error",
    "tests/unit/test_ollama.py": "error",
    "tests/unit/test_output_path_resolver.py": "updated",
    "tests/unit/test_research_agents.py": "error",
    "tests/unit/test_services.py": "error",
    "tests/unit/test_slug_service.py": "updated",
    "tests/unit/test_uploaded_files.py": "updated",
    "tests/unit/test_utils.py": "error",
    "tests/unit/test_validation.py": "error",
    "tests/web/__init__.py": "updated",
    "tests/web/test_api.py": "updated",
    "tests/web/test_app_integration.py": "error",
    "tests/web/test_ui_contracts.py": "updated",
    "tests/web/test_websockets.py": "updated",
    "examples/websocket_client.py": "updated",
    "src/main.py": "updated",
    "start_api.py": "updated",
    "start_web.py": "error",
    "temp_discovery.py": "error",
    "test_fixes.py": "updated",
    "test_import.py": "updated",
    "test_startup.py": "updated",
    "test_validation_agents.py": "error",
    "tests/cli/test_cli_integration.py": "error",
    "tests/core/test_event_bus.py": "error",
    "tests/e2e/test_full_job_happy_path.py": "updated",
    "tests/engine/test_aggregator.py": "error",
    "tests/engine/test_completeness_gate.py": "error",
    "tools/api_catalog.py": "updated",
    "tools/ast_guard.py": "error",
    "tools/ast_scan.py": "updated",
    "tools/comment_updater.py": "updated",
    "tools/config_concurrency_detect.py": "updated",
    "tools/docstring_writer.py": "updated",
    "tools/exception_io_detect.py": "updated",
    "tools/maintain.py": "error",
    "tools/perf_report.py": "error",
    "tools/perf_runner.py": "error",
    "tools/pre_deploy_check.py": "error",
    "tools/progress_tracker.py": "updated",
    "tools/test_refactor.py": "error",
    "tools/util_fs.py": "updated",
    "tools/validate_imports.py": "updated",
    "tools/validate_production.py": "error",
    "tools/validate_system_old.py": "updated",
    "ucop_cli.py": "updated",
    "validate.py": "updated",
    "verify_fix.py": "updated",
    "verify_services.py": "updated",
    "verify_utils.py": "error"
  }
}